RT @ShayDiddy: @CircusTK @ups @apple both of them are bs!!! How do u tell me go between a certain time ONLY and the muh fuh is closed!,negative
RT @ShayDiddy: @CircusTK @ups @apple both of them are bs!!! How do u tell me go between a certain time ONLY and the muh fuh is closed!,negative
RT @SHlFT: dear #google &amp; #samsung... learn some presentation 101 first. please.,negative
RT @SHlFT: dear #google &amp; #samsung... learn some presentation 101 first. please.,negative
RT @spacecanard Today's the Day. ICS &lt;3 #android #google #samsung,positive
RT @spacecanard Today's the Day. ICS &lt;3 #android #google #samsung,positive
RT @TakeF_Light: Hey @Apple...I know Steve Jobs died &amp; all but my Twitter for iPad app keeps crashing...Fix it...NOW..please..lol -F.Light,negative
RT @TakeF_Light: Hey @Apple...I know Steve Jobs died &amp; all but my Twitter for iPad app keeps crashing...Fix it...NOW..please..lol -F.Light,negative
RT @ThatTechGuy92: LITERALLY HAD MY MIND BLOWN AWAY JUST NOW!!!!! #Google #Samsung,positive
RT @ThatTechGuy92: LITERALLY HAD MY MIND BLOWN AWAY JUST NOW!!!!! #Google #Samsung,positive
RT @TheSoap88: #Twitter is interesting 24hrs a day. #Facebook is interesing 2hrs a day.,positive
RT @To1ne: .@apple thanks for fixing this... http://t.co/wTj1ogDO,positive
RT @To1ne: .@apple thanks for fixing this... http://t.co/wTj1ogDO,positive
"RT @tomcolontonio: Didn't it occur to @apple #apple that ppl share iTunes accounts amongst family's ?????
Wtf!!!!",negative
"RT @tomcolontonio: Didn't it occur to @apple #apple that ppl share iTunes accounts amongst family's ?????
Wtf!!!!",negative
RT @tomkeene Thx @instagram Thx @apple #hypo #D-76 #tri-x http://t.co/BPPJwncp,positive
RT @tomkeene Thx @instagram Thx @apple #hypo #D-76 #tri-x http://t.co/BPPJwncp,positive
RT @TreyHob21: #twitter gives everyone that voice that they believe should be heard by people... unlike real life... lol,positive
"RT @TripLingo: We're one of a few &quot;Featured Education Apps&quot; on the @Apple **Website** today, sweet! http://t.co/0yWvbe1Z",positive
"RT @TripLingo: We're one of a few &quot;Featured Education Apps&quot; on the @Apple **Website** today, sweet! http://t.co/0yWvbe1Z",positive
"RT @VanillaLatte_xD: #omfg .. #Twitter , Why fxck up ? I wanna see my Retweets &quot;/",negative
RT @vattam: Man! I've fallen in love with Galaxy Nexus! #google #samsung #galaxynexus #android,positive
RT @vattam: Man! I've fallen in love with Galaxy Nexus! #google #samsung #galaxynexus #android,positive
RT @YashasJoshi: #android 4.0!!  Ice Cream Sandwich will now make all other smartphone operating systems look outdated.  #Androidbeam Wowww..  #google,positive
RT @YashasJoshi: #android 4.0!!  Ice Cream Sandwich will now make all other smartphone operating systems look outdated.  #Androidbeam Wowww..  #google,positive
RT@jeffbullas Twitters impressive numbers  http://t.co/VJRSsfYn #Twitter #SMM #SocialMedia,positive
s Enlightenment. So funny,positive
"s in chinatown..., im home,in my bed SLEEPING..",positive
s is hilarious.,
s one of the best film noirs ever made.,positive
S/O to #google for getting me through high school and college....you are appreciated,positive
S/O to #google for getting me through high school and college....you are appreciated,positive
S/O to @apple for replacing my phone for free√Æ‚Ç¨≈Ω,positive
S/O to @apple for replacing my phone for free√Æ‚Ç¨≈Ω,positive
Said to have laid out the next 4 years @apple.Jobs last iPhone is 2012 not the iPhone4S. iPhone(4G/5) 2012 is magical! http://t.co/DxxklUBp,positive
Said to have laid out the next 4 years @apple.Jobs last iPhone is 2012 not the iPhone4S. iPhone(4G/5) 2012 is magical! http://t.co/DxxklUBp,positive
Patent war intensifies with injunction sought against @Apple http://t.co/QmwjTvnk",negative
"Samsung seeks iPhone 4S ban in Japan and Australia
Patent war intensifies with injunction sought against @Apple http://t.co/QmwjTvnk",negative
Save me from #HP's unwanted OS! Help me buy an #iPhone! I have seen the light! #lol http://t.co/8gUP9Acz #backchannel @apple,positive
Save me from #HP's unwanted OS! Help me buy an #iPhone! I have seen the light! #lol http://t.co/8gUP9Acz #backchannel @apple,positive
Screened by RepRisk √¢‚Ç¨‚Äú #Microsoft will undergo trial for its alleged anti-competitive practices @Microsoft,negative
"screw you @apple iOS 5. I can't download this crap, and I'm tired of trying. Get this problem figured out about my connection timing out",negative
"screw you @apple iOS 5. I can't download this crap, and I'm tired of trying. Get this problem figured out about my connection timing out",negative
"See @Apple, that what's happen when you release iPhone 4S with same crappy design as the old phone!",negative
"See @Apple, that what's happen when you release iPhone 4S with same crappy design as the old phone!",negative
"Seemingly endless loop of calls to @apple, @ups, @verizonwireless to investigate my missing #iphone4s. #crankywithnophone",negative
"Seemingly endless loop of calls to @apple, @ups, @verizonwireless to investigate my missing #iphone4s. #crankywithnophone",negative
Sens around and a Stanley Cup is coming...maybe he should stop drinking koolaid,negative
"Seriously - I have absolutely no offing clue what @Apple means by &quot;authorization&quot;, nor how to do it.",negative
"Seriously - I have absolutely no offing clue what @Apple means by &quot;authorization&quot;, nor how to do it.",negative
Seriously PISSED at @apple just got a notification that our order for my iPhone 4S has been cancelled and won't ship. Wtf!?,negative
Seriously PISSED at @apple just got a notification that our order for my iPhone 4S has been cancelled and won't ship. Wtf!?,negative
Seriously!? Why do I still find the yellow pages ph book at my doorstep? These days I just #google it on my iphone.,positive
Seriously!? Why do I still find the yellow pages ph book at my doorstep? These days I just #google it on my iphone.,positive
"shit, shit, shit. IOS5 update ate all my apps, data and media just like @apple said it would. This is going to take some time to rebuild.",negative
"shit, shit, shit. IOS5 update ate all my apps, data and media just like @apple said it would. This is going to take some time to rebuild.",negative
should be studying/ doing work but no I'm hold with @apple HURRY THE FUCK UP! #nopatience,negative
should be studying/ doing work but no I'm hold with @apple HURRY THE FUCK UP! #nopatience,negative
Simply Amazing! http://t.co/9qmG3irA #Google #Samsung #Galaxy #Nexus #Prime #Android4 #IceCreamSandwich,positive
Simply Amazing! http://t.co/9qmG3irA #Google #Samsung #Galaxy #Nexus #Prime #Android4 #IceCreamSandwich,positive
Siri is having a hard time remembering who my sister is. contact card needs space for family info. #iPhone4S @apple,negative
Siri is having a hard time remembering who my sister is. contact card needs space for family info. #iPhone4S @apple,negative
"Siri, which #Android device should I replace my #iPhone with? #Apple vs. #Google",positive
"Siri, which #Android device should I replace my #iPhone with? #Apple vs. #Google",positive
Six PowerPoint Nightmares (and How to Fix Them) http://t.co/JsQ96NuQ #powerpoint #microsoft #presentations,negative
Six PowerPoint Nightmares (and How to Fix Them) http://t.co/JsQ96NuQ #powerpoint #microsoft #presentations,negative
sledgehammer maybe! RT @SkandalasGP Office blues *drink?* RT @wuppy: #microsoft fail #notresponding for fcucks sake  http://t.co/lCXa9q8P,negative
Slick beam capabilities included in Android 4.0. Touch 2 devices together and select &quot;Beam&quot; and content is transferred #Google #Android #ICS,positive
Slick beam capabilities included in Android 4.0. Touch 2 devices together and select &quot;Beam&quot; and content is transferred #Google #Android #ICS,positive
Smashed yet another #iPhone screen. When are @apple gonna make the phone more durable!!! Tired of fixing it myself!!!,negative
Smashed yet another #iPhone screen. When are @apple gonna make the phone more durable!!! Tired of fixing it myself!!!,negative
"So &quot;cutting the cord&quot; in #iOS5 makes podcasts even harder to manage? No subscriptions? WTH, @Apple? http://t.co/eTYXkxmb (via @gdgt)",negative
"So &quot;cutting the cord&quot; in #iOS5 makes podcasts even harder to manage? No subscriptions? WTH, @Apple? http://t.co/eTYXkxmb (via @gdgt)",negative
"So &quot;cutting the cord&quot; makes podcasts even harder to manage?!? No subscriptions! WTH, @Apple? http://t.co/LD2i871x #iOS5 (via @carrypad)",negative
"So &quot;cutting the cord&quot; makes podcasts even harder to manage?!? No subscriptions! WTH, @Apple? http://t.co/LD2i871x #iOS5 (via @carrypad)",negative
So @PhoenixSwinger 's iPhone 4 is giving her a hella hard time w/ the iOS5 update @apple,negative
So @PhoenixSwinger 's iPhone 4 is giving her a hella hard time w/ the iOS5 update @apple,negative
So apparently @apple put MB cap on your SMS with the new update. 25mb storage before it tells you your inbox is full. What is this 2001?,negative
So apparently @apple put MB cap on your SMS with the new update. 25mb storage before it tells you your inbox is full. What is this 2001?,negative
So glad #Google adopted a design philosophy for #Android 4.0 a.k.a It shows soooo much! This is the polish I've been waiting for!,positive
So glad #Google adopted a design philosophy for #Android 4.0 a.k.a It shows soooo much! This is the polish I've been waiting for!,positive
So glad that I paid $69 for this @apple care protection plan.  Been on hold for over 20 minutes now.  Great customer service. #NOT,negative
So glad that I paid $69 for this @apple care protection plan.  Been on hold for over 20 minutes now.  Great customer service. #NOT,negative
So I updated my #iphone last night. It took over six hours and the majority of my apps didn't transfer. Thanks @apple,negative
So I updated my #iphone last night. It took over six hours and the majority of my apps didn't transfer. Thanks @apple,negative
So im about to make another #twitter account since this one fucked up,negative
So incredibly frustrated with @apple right now. iOS update is a major fail ,negative
So incredibly frustrated with @apple right now. iOS update is a major fail ,negative
"So let me get this straight, #microsoft makes windows phone, microsoft owns skype but there's no #skype app for windows phone.",negative
"So let me get this straight, #microsoft makes windows phone, microsoft owns skype but there's no #skype app for windows phone.",negative
So much garbage. #Twitter,negative
So my iMessage still isn't working! @apple,negative
So my iMessage still isn't working! @apple,negative
So my mentions don't work? And my TL don't be wanting to update. Is #twitter moving servers or doing maintenance?,negative
So so excited for all of the new Android features! Awesomeness :) #Android #ICS #Google #GalaxyNexus,positive
So so excited for all of the new Android features! Awesomeness :) #Android #ICS #Google #GalaxyNexus,positive
So THANKFUL for the incredible people @apple for going above and beyond and offering to and replacing my  water-damaged Macbook Pro!!! Wow!,positive
So THANKFUL for the incredible people @apple for going above and beyond and offering to and replacing my  water-damaged Macbook Pro!!! Wow!,positive
So yeah... @apple #iOS5 #readinglists have changed my life. #nowicanspendevenmoretimeonmyphone.,positive
So yeah... @apple #iOS5 #readinglists have changed my life. #nowicanspendevenmoretimeonmyphone.,positive
"So, I am using my work PC (NEVER EVER) to get a feel for it; it has the worst speakers ever!! @apple you have spoiled me!! #imamac",positive
"So, I am using my work PC (NEVER EVER) to get a feel for it; it has the worst speakers ever!! @apple you have spoiled me!! #imamac",positive
Soon. Getting ready for the party. #google #android #icecreamsandwich http://t.co/eZjCzLt6,positive
Soon. Getting ready for the party. #google #android #icecreamsandwich http://t.co/eZjCzLt6,positive
Sorry #Apple #Google and #Samsung just made you look bad. #Android is king,positive
Sorry #Apple #Google and #Samsung just made you look bad. #Android is king,positive
"Sorry @apple, but #iMessage will never be what #BBM is. Disappointed.",negative
"Sorry @apple, but #iMessage will never be what #BBM is. Disappointed.",negative
"Sorry @BlackBerry, I'm moving to @Apple.",positive
"Sorry @BlackBerry, I'm moving to @Apple.",positive
sorry to say @apple But Your new Iphone IOS5 update Sucks a Fatty!!!!!!!!!!!!!!!!!! #SmokingPoleSucking,negative
sorry to say @apple But Your new Iphone IOS5 update Sucks a Fatty!!!!!!!!!!!!!!!!!! #SmokingPoleSucking,negative
Sounds tasty. :-P RT @mensacats: #Google Launches #Android Ice Cream Sandwich OS: http://t.co/Fj0BiiR8,positive
Sounds tasty. :-P RT @mensacats: #Google Launches #Android Ice Cream Sandwich OS: http://t.co/Fj0BiiR8,positive
spirit by creating fear of your neighbour. Lets have common sense not Gestapo practise,negative
"Spoke to an @Apple rep on phone &amp; could hear her tv blaring in the bg.  She said, &quot;I can't actually help u, just direct u back to the web&quot;",negative
"Spoke to an @Apple rep on phone &amp; could hear her tv blaring in the bg.  She said, &quot;I can't actually help u, just direct u back to the web&quot;",negative
squeaked,negative
st Years of Our Lives,
Starting to doubt #google android policy: no released android sources since 2.3.3! Curious for an opensource project to say the least...,negative
Starting to doubt #google android policy: no released android sources since 2.3.3! Curious for an opensource project to say the least...,negative
stening to mozart :'D,positive
still not quite sure how to use this/what the point of it is... #twitter? #idontunderstand,negative
Suddenly lost all address book on @3GS iPhone. And someone was using my @Apple ID. It all fucked up.,negative
Suddenly lost all address book on @3GS iPhone. And someone was using my @Apple ID. It all fucked up.,negative
Sweet Ice Cream Sandwich RT @Pocketlint Google Android 4.0 Ice Cream Sandwich officially detailed #google #ics http://t.co/iUY0DF5S,positive
Sweet Ice Cream Sandwich RT @Pocketlint Google Android 4.0 Ice Cream Sandwich officially detailed #google #ics http://t.co/iUY0DF5S,positive
"System.IO.File.Delete - You lie! You didn't delete my file, and you didn't throw an exception. WTF!? #microsoft #net",negative
t the Calgary Stampede when I'm there....don't mind New Kids but Backstreet Boys..oh no,negative
te following on from fp article. Superb,positive
Telegraph reports that the biggest threat to #facebook is its power users have shifted to #twitter or #google+ http://t.co/JHdTYKCV,positive
Telegraph reports that the biggest threat to #facebook is its power users have shifted to #twitter or #google+ http://t.co/JHdTYKCV,positive
Terrible customer service at Los Gatos @Apple! Why do I have to pay $199 for a bad home button on my iPhone?!?,negative
Terrible customer service at Los Gatos @Apple! Why do I have to pay $199 for a bad home button on my iPhone?!?,negative
"th Gene Kelly, and it is PERFECT!",positive
Thank god Gmail app has been redesigned under Android 4.0. Conversations automatically expanded. #Google #Android #ICS,positive
Thank god Gmail app has been redesigned under Android 4.0. Conversations automatically expanded. #Google #Android #ICS,positive
Thank you #twitter for not giving me the 10 tweets that have been tweeted at me in the past 3 days! Lol #blameitontheiphone #ineedtoupdate,negative
Thank you @apple for Find My Mac - just located and wiped my stolen Air. #smallvictory #thievingbastards,positive
Thank you @apple for Find My Mac - just located and wiped my stolen Air. #smallvictory #thievingbastards,positive
Thank you @apple for making my iPad 2 feel like new again with your new iOS 5!,positive
Thank you @apple for making my iPad 2 feel like new again with your new iOS 5!,positive
Thank you @apple for your innovations. Exhibit A: Guy playing with Facetime instead of watching game at sports bar. http://t.co/oU7K39ge,positive
Thank you @apple for your innovations. Exhibit A: Guy playing with Facetime instead of watching game at sports bar. http://t.co/oU7K39ge,positive
Thank you @Apple iOS 5 for email pop up on the lock screen and opening it when unlocking.,positive
Thank you @Apple iOS 5 for email pop up on the lock screen and opening it when unlocking.,positive
Thank you @apple. My new gf(iphone4s) is great!  She does everything!,positive
Thank you @apple. My new gf(iphone4s) is great!  She does everything!,positive
Thank you @Starbucks and @Apple for the iTunes card. My daughter loved the Grover book. #tuesday,positive
Thank you @Starbucks and @Apple for the iTunes card. My daughter loved the Grover book. #tuesday,positive
Thank you Steve @apple store 5th av. http://t.co/nSAisriP,positive
Thank you Steve @apple store 5th av. http://t.co/nSAisriP,positive
Thanks @apple for an OS update that has only succesfully bricked my iPod.,negative
Thanks @apple for an OS update that has only succesfully bricked my iPod.,negative
Thanks again #microsoft for wasting more of my time. Apple&gt;windows http://t.co/GNy9G07B,negative
Thanks again #microsoft for wasting more of my time. üò≠ üò≠ Apple&gt;windows http://t.co/GNy9G07B,negative
Thanks Android for admitting you're ugly. New font is a good start! #ics #google,positive
Thanks Android for admitting you're ugly. New font is a good start! #ics #google,positive
"Thanks to @Apple Covent Garden #GeniusBar for replacing my MacBook keyboard/cracked wristpad during my lunch break today, out of warranty.",positive
"Thanks to @Apple Covent Garden #GeniusBar for replacing my MacBook keyboard/cracked wristpad during my lunch break today, out of warranty.",positive
Thanks to @Apple my new iMac is a brick. I cannot re-install Lion and I cannot purchase it because it was installed by the former owner.,negative
Thanks to @Apple my new iMac is a brick. I cannot re-install Lion and I cannot purchase it because it was installed by the former owner.,negative
"Thanks to a 90 minute wait on hold, half an hour actually talking to someone, the @Apple tech decides to send me an email to fix my phone",negative
"Thanks to a 90 minute wait on hold, half an hour actually talking to someone, the @Apple tech decides to send me an email to fix my phone",negative
"Thanks to Samsung and Google, I'm now craving for some Ice Cream Sandwich !  #IceCreamSandwich #Google #Samsung",positive
"Thanks to Samsung and Google, I'm now craving for some Ice Cream Sandwich !  #IceCreamSandwich #Google #Samsung",positive
Thanks to Steffen Krause #Microsoft for a great SQL Server Session @EuropeanSP.,positive
Thanks to Steffen Krause #Microsoft for a great SQL Server Session @EuropeanSP. üòç ,positive
That was a good one(commercial). #microsoft,positive
The #Google guys are illustrating the perils of a live demonstration admirably. #GalaxyNexus #ICS #Android,negative
The #Google guys are illustrating the perils of a live demonstration admirably. #GalaxyNexus #ICS #Android,negative
The #iphone4s is  amazing. Siri's voice recognition is absolutely a step above previous attempts. Bravo @apple,positive
The #iphone4s is  amazing. Siri's voice recognition is absolutely a step above previous attempts. Bravo @apple,positive
The 16 strangest things Siri has said so far. I am SOOO glad that @Apple gave Siri a sense of humor! http://t.co/TWAeUDBp via @HappyPlace,positive
The 16 strangest things Siri has said so far. I am SOOO glad that @Apple gave Siri a sense of humor! http://t.co/TWAeUDBp via @HappyPlace,positive
The awkward moment when google #chrome take a hell of a lot time to load #googleplus #google,negative
The awkward moment when google #chrome take a hell of a lot time to load #googleplus #google,negative
The face recognition unlock would be cool if it works. #android #google #icecreamsandwich,negative
The face recognition unlock would be cool if it works. #android #google #icecreamsandwich,negative
"The fact that #Microsoft are using a #QRCode alongside one of their colour code shows the format is failing, opinions? http://t.co/BlhHGOpo",negative
"The fact that #Microsoft are using a #QRCode alongside one of their colour code shows the format is failing, opinions? http://t.co/BlhHGOpo",negative
The first thing I do when I get home is either get on #facebook or #twitter. What is wrong with me?,negative
"The Future of #Information: Innovators from #Google, #Microsoft &amp;#Twitter  Nov. 14-18  Info &amp; registration at http://t.co/kJKZ77Zy #UMD",positive
"The Future of #Information: Innovators from #Google, #Microsoft &amp;#Twitter  Nov. 14-18  Info &amp; registration at http://t.co/kJKZ77Zy #UMD",positive
The line at the @apple is just STUPID,negative
The line at the @apple is just STUPID,negative
the line 'Labour's future in England is conservative'. What a guy.,positive
The more i use Office 2010 the more i fall in love it with. #honest #genius #microsoft,positive
The new #Samsungnexus and 4.0 OS make the #iPhone4s look like an old bag phone. Nice job #Google and #Samsung.,positive
The new #Samsungnexus and 4.0 OS make the #iPhone4s look like an old bag phone. Nice job #Google and #Samsung.,positive
the new @apple ios deleted at least half my apps. not cool.,negative
the new @apple ios deleted at least half my apps. not cool.,negative
The new android #Nexus phone makes the #iPhone look like a cheap toy at dollar store! #tcot #android #google #RealEstate @Burkepatch,positive
The new android #Nexus phone makes the #iPhone look like a cheap toy at dollar store! #tcot #android #google #RealEstate @Burkepatch,positive
The new camera app along with the &quot;zero delay&quot; camera on the Galaxy Nexus is very nice! #Google #Android #ICS,positive
The new camera app along with the &quot;zero delay&quot; camera on the Galaxy Nexus is very nice! #Google #Android #ICS,positive
The new Google Nexus page is live! - http://t.co/zrqoeWxI #nexus #google #android #icecreamsandwich,positive
The new Google Nexus page is live! - http://t.co/zrqoeWxI #nexus #google #android #icecreamsandwich,positive
The new iOS5 completely failed at upgrading the phone. Now I'm stuck in this restore loop. Thanks @apple for wasting my day. Can i undo?,negative
The new iOS5 completely failed at upgrading the phone. Now I'm stuck in this restore loop. Thanks @apple for wasting my day. Can i undo?,negative
"The new Nexus looks good! UI feel a bit confusing but I guess Android users are ok with that! Now, try it :) #Google #android #nexusprime",positive
"The new Nexus looks good! UI feel a bit confusing but I guess Android users are ok with that! Now, try it :) #Google #android #nexusprime",positive
The next #Google #Nexus phone is here!!. http://t.co/edSwoXoC,positive
The next #Google #Nexus phone is here!!. http://t.co/edSwoXoC,positive
The nice @apple tech support guy fixed my iTouch =D,positive
The nice @apple tech support guy fixed my iTouch =D,positive
the nice guy at the @apple store replaced my phone gratis when I showed him the hairline  crack on the screen. thanks @apple,positive
the nice guy at the @apple store replaced my phone gratis when I showed him the hairline  crack on the screen. thanks @apple,positive
The one #iphone feature still missing since @apple first showed it.. Contacts pictures on the contacts list! Simple yet 5 major updates miss,negative
The one #iphone feature still missing since @apple first showed it.. Contacts pictures on the contacts list! Simple yet 5 major updates miss,negative
The only letdown of the Samsung Galaxy Nexus phone is the 5.0 MP Camera. #ICS #Samsung #SamsungGalaxyNexus #SGN #Android #Google,negative
The only letdown of the Samsung Galaxy Nexus phone is the 5.0 MP Camera. #ICS #Samsung #SamsungGalaxyNexus #SGN #Android #Google,negative
The Samsung Galaxy Nexus and Ice Cream Sandwich are sick! #android #icecreamsandwich #google,positive
The Samsung Galaxy Nexus and Ice Cream Sandwich are sick! #android #icecreamsandwich #google,positive
There are too many #google services that do not work when you are a #googleapps user. #googleplus above all + profiles + #plusone,negative
There are too many #google services that do not work when you are a #googleapps user. #googleplus above all + profiles + #plusone,negative
There is no social media without #Twitter... Who could be #Twitterless?,positive
There is nothing like sitting in the workshop all day talking to #microsoft and having to talk to them again tomorrow + waiting for parts.,negative
There is nothing like sitting in the workshop all day talking to #microsoft and having to talk to them again tomorrow + waiting for parts.,negative
There you go - according to http://t.co/4Y8aS4zz #Google+ is builtin to the OS/Nexus line? Smart move :),positive
There you go - according to http://t.co/4Y8aS4zz #Google+ is builtin to the OS/Nexus line? Smart move :),positive
They need to talk about the battery life impact of #AndroidBeam. It can't be good news. #Google #Android #ICS,negative
They need to talk about the battery life impact of #AndroidBeam. It can't be good news. #Google #Android #ICS,negative
This Data Usage feature looks amazing on ICS. #android #samsung #google #GALAXYNexus,positive
This Data Usage feature looks amazing on ICS. #android #samsung #google #GALAXYNexus,positive
"This does not bode well. After charging all night, my @Apple iPhone 4S has 25% battery after only 3hr off charger with no calls &amp; light use",negative
"This does not bode well. After charging all night, my @Apple iPhone 4S has 25% battery after only 3hr off charger with no calls &amp; light use",negative
This good here iPhone will do me VERY well today. Thanks to the gods that are @apple.,positive
This good here iPhone will do me VERY well today. Thanks to the gods that are @apple.,positive
This is how charity works these days. http://t.co/839klkFH #billgates #philanthropy #microsoft,positive
This is how charity works these days. http://t.co/839klkFH #billgates #philanthropy #microsoft,positive
This is kind of really creepy: Use your search engine the same way as @MileyCyrus would http://t.co/a050TG4L . . . #Microsoft,negative
This is kind of really creepy: Use your search engine the same way as @MileyCyrus would http://t.co/a050TG4L . . . #Microsoft,negative
"This is the first time I've been unhappy with any @apple product... Disappointed, and the Internet seems as confused as I am right now.",negative
"This is the first time I've been unhappy with any @apple product... Disappointed, and the Internet seems as confused as I am right now.",negative
THiS IS WHAT WiLL KiLL APPLE http://t.co/72Jw4z5c RiP @APPLE,negative
THiS IS WHAT WiLL KiLL APPLE http://t.co/72Jw4z5c RiP @APPLE,negative
This twitter shit is funny and entertaining ... I haven't did shit all day but my fingers are hurting #twitter,positive
This. RT @bonkoif Looks like @Apple did not appropriately project the resources needed for Siri. Not very reliable,negative
This. RT @bonkoif Looks like @Apple did not appropriately project the resources needed for Siri. Not very reliable,negative
Thoughts on Android 4.0 #ICS? Excited to play with the new features. #android #google,positive
Thoughts on Android 4.0 #ICS? Excited to play with the new features. #android #google,positive
Thx @instagram Thx @apple #hypo #D-76 #tri-x http://t.co/D7EeJHBT,positive
Thx @instagram Thx @apple #hypo #D-76 #tri-x http://t.co/D7EeJHBT,positive
Time to go get my iPhone 4s.  Looking forward to sticking it to the man by no longer paying for most texts.  Thanks @apple.,positive
Time to go get my iPhone 4s.  Looking forward to sticking it to the man by no longer paying for most texts.  Thanks @apple.,positive
Time to play a game called wait at the @apple store forever because the tourists are taking forever with their genius appointments.,negative
Time to play a game called wait at the @apple store forever because the tourists are taking forever with their genius appointments.,negative
Today I was introduced as BigDealDawson at #LGFW !  O #twitter and #social media I love you! Teehee xx,positive
Too bad #google didn't have a tribute graphic for #DennisRitchie.,negative
Too bad #google didn't have a tribute graphic for #DennisRitchie.,negative
"Took me months to decide, but tonight I have chosen #google over Amazon S3 for image storage solution.",positive
"Took me months to decide, but tonight I have chosen #google over Amazon S3 for image storage solution.",positive
Total chaos at @apple store regent street. Like an Ethiopian feeding station. Can't believe this is same co. that makes all that cool shit.,negative
Total chaos at @apple store regent street. Like an Ethiopian feeding station. Can't believe this is same co. that makes all that cool shit.,negative
total time on the phone with @apple: 1 hour 27 minutes. let's see how this goes.,negative
total time on the phone with @apple: 1 hour 27 minutes. let's see how this goes.,negative
"Totally unproductive day with no access to #Microsoft Excel or Word, aaargh! Will be working late tonight after hubby fixes. #fingerscrossed",negative
"Totally unproductive day with no access to #Microsoft Excel or Word, aaargh! Will be working late tonight after hubby fixes. #fingerscrossed",negative
"Tried explaining #Twitter to my mom, but her &quot;why would you want to do that?&quot; argument was pretty bulletproof. #igiveup",negative
Truth. RT@hanrahan52 Dear @apple you SUCK! Thanks that is all,negative
Truth. RT@hanrahan52 Dear @apple you SUCK! Thanks that is all,negative
trying to kill me wit his dricing AND ripping me off majorly.. his price thingie is going down faster than usual...,negative
tter than ending it with a cheesy embrace. Thanks Casablanca.,positive
Tube. -- Paramore The Best Years of Our Lives link,positive
"Turns out my computer isn't as fixed as it is meant to be. Fuck you @Apple, I'm going back to your Genius Bar to complain. #annoyed",negative
"Turns out my computer isn't as fixed as it is meant to be. Fuck you @Apple, I'm going back to your Genius Bar to complain. #annoyed",negative
twitter just helped me find the song from the end of a TV show i just watched. #Twitter &gt; ...,positive
Twitter mentions for Apple Store: http://t.co/EUAidWk2 - RT @deb_lavoy the nice guy at the @apple store replaced my phone gratis when I ...,positive
Twitter mentions for Apple Store: http://t.co/EUAidWk2 - RT @deb_lavoy the nice guy at the @apple store replaced my phone gratis when I ...,positive
Two things I'm forever grateful are @Apple and @Starbucks. They both are great in their own way.,positive
Two things I'm forever grateful are @Apple and @Starbucks. They both are great in their own way.,positive
ty man and got all excited thinking they were showing jimmy :(,negative
ucational. It Teaches You That You Should Have Gone To Bed Earlier #Porno,positive
Ugh there are so many people here at the apple store.  @apple can you be more efficient? Please.,negative
Ugh there are so many people here at the apple store.  @apple can you be more efficient? Please.,negative
"ugh! @apple, you√¢‚Ç¨‚Ñ¢re reservation page for the iPhone is NOT working.",negative
"ugh! @apple, you√¢‚Ç¨‚Ñ¢re reservation page for the iPhone is NOT working.",negative
Ugh. WTF is up with all the bottlenecks @paypal @apple?,negative
Ugh. WTF is up with all the bottlenecks @paypal @apple?,negative
"Unbelievable Data Usage info on Ice Cream Sandwich

#icecreamsandwich #googland #google #android #ics",positive
"Unbelievable Data Usage info on Ice Cream Sandwich

#icecreamsandwich #googland #google #android #ics",positive
"Unmindful Ballmer, collects half a billion, doesn't say thank you.  http://t.co/lwtpXejo #android #google #microsoft",negative
Updated live wallpaper. Virtual buttons that disappear when you are in full screen mode. More awesome widgets. #Android #Google,positive
Updated live wallpaper. Virtual buttons that disappear when you are in full screen mode. More awesome widgets. #Android #Google,positive
Updated my iOS and started using cloud services. Pretty bad ass @apple my #iPhone 3GS still the champ.,positive
Updated my iOS and started using cloud services. Pretty bad ass @apple my #iPhone 3GS still the champ.,positive
"Updating to IOS5 with my regular iphone4 just made it slower and messed up.. @apple give me a free 4S and we can call it even, thanks",negative
"Updating to IOS5 with my regular iphone4 just made it slower and messed up.. @apple give me a free 4S and we can call it even, thanks",negative
Upgraded my iphone software &amp; now the phone is useless. @Apple is telling me I can't even talk to someone about it until 10/21. Unacceptable,negative
Upgraded my iphone software &amp; now the phone is useless. @Apple is telling me I can't even talk to someone about it until 10/21. Unacceptable,negative
"Upgrded MacbookAir to 10.7.2, iPhone to iOS5. Now iPhoto doesn't open + iPhone apps r missing. Very buggy upgrades. @apple #applefail #fail",negative
"Upgrded MacbookAir to 10.7.2, iPhone to iOS5. Now iPhoto doesn't open + iPhone apps r missing. Very buggy upgrades. @apple #applefail #fail",negative
urth time. Good read! Check it out!,positive
Using my awsome iPad... I love it. I love my MacBook too and my iPod. It's all amazing! I love @apple,positive
Using my awsome iPad... I love it. I love my MacBook too and my iPod. It's all amazing! I love @apple,positive
ust a pretty stern mandate from God it's also very sound economic policy.,positive
V. impressed w/ Image Composite Editor from @MSFTresearch for creating panoramas from individual images. http://t.co/SO7W7spn Tx #Microsoft!,positive
"Validated that #Microsoft #iSCSI target in Win Server 8 works fine with #VMware #vSphere5 / ESXi5, no errors - more: http://t.co/6qnLWFt7",positive
"Validated that #Microsoft #iSCSI target in Win Server 8 works fine with #VMware #vSphere5 / ESXi5, no errors - more: http://t.co/6qnLWFt7",positive
Very cool #Google browser ''Chrome.,positive
Very cool #Google browser ''Chrome.,positive
Very nice trivia game by #Google. Helps you use their search better http://t.co/c5Tu3dZK #fb,positive
Very nice trivia game by #Google. Helps you use their search better http://t.co/c5Tu3dZK #fb,positive
Very nice trivia game by #Google. Helps you use their search better http://t.co/ikN087ZE,positive
Very nice trivia game by #Google. Helps you use their search better http://t.co/ikN087ZE,positive
Video card on @Kimaris workstation died after just six months. So long @hp. Hello @apple.,positive
Video card on @Kimaris workstation died after just six months. So long @hp. Hello @apple.,positive
"Video: #Google wallet, see the wow effect http://t.co/mcW78VtG",positive
"Video: #Google wallet, see the wow effect http://t.co/mcW78VtG",positive
"Waited in line for nothing, fucking genius @Apple called an app for &quot;John&quot; not &quot;jean&quot; stop fucking up my name im not a French boy. #PCam ...",negative
"Waited in line for nothing, fucking genius @Apple called an app for &quot;John&quot; not &quot;jean&quot; stop fucking up my name im not a French boy. #PCam ...",negative
Waiting in a ridiculous line at @apple in southpointe with @Consumatory . Where the Fuck are the comment cards?,negative
Waiting in a ridiculous line at @apple in southpointe with @Consumatory . Where the Fuck are the comment cards?,negative
wanted to cry but ppl were looking -___-,negative
"Warning: if iphone apps spontaneously loose data, it might not be the app's fault - http://t.co/1SEsvWwm #ios5downgrade @apple @marcoarment",negative
"Warning: if iphone apps spontaneously loose data, it might not be the app's fault - http://t.co/1SEsvWwm #ios5downgrade @apple @marcoarment",negative
was a very akward moment for me #WEIRD,negative
"watch it 4 Middle eastern politics module at Uni 4hrs long tho, Phew!",positive
"watching #Google + #Samsung unveil the #GalaxyNexu! Awesome, want one so bad!! Techie's DREAM!",positive
"watching #Google + #Samsung unveil the #GalaxyNexu! Awesome, want one so bad!! Techie's DREAM!",positive
Watching podcast of Steve Jobs &amp; Bill Gates at 07 D5. Gates sucks at tech predictions! All talk #Apple #Microsoft,negative
Watching the Android announcement from Google and Samsung. IceCream Sandwich looks really interesting. http://t.co/oeZK9iV1 #google #android,positive
Watching the Android announcement from Google and Samsung. IceCream Sandwich looks really interesting. http://t.co/oeZK9iV1 #google #android,positive
We did an unexpected workshop for the #iPhone4S at @apple yesterday and we got an awesome amount of info #notjustaboutthephone @gamerchik16,positive
We did an unexpected workshop for the #iPhone4S at @apple yesterday and we got an awesome amount of info #notjustaboutthephone @gamerchik16,positive
"We have had a great time at #TechEdAfrica thanks to all the sponsors, delegates, #Microsoft and #mimecastsa.",positive
"We have had a great time at #TechEdAfrica thanks to all the sponsors, delegates, #Microsoft and #mimecastsa.",positive
We need dates! #google #samsung #launchfail,negative
We need dates! #google #samsung #launchfail,negative
Welcome Skype to the #Microsoft family. We can do amazing things together. http://t.co/YKCHtu8h #welcomeskype,positive
Welcome to the twitter world @MarkStuver. This is due to #iOS5 and @apple thanks guys.,positive
Welcome to the twitter world @MarkStuver. This is due to #iOS5 and @apple thanks guys.,positive
Well @apple fixed my #ios5 battery drain problem with a replacement iPhone 4 -- it's working like a champ now,positive
Well @apple fixed my #ios5 battery drain problem with a replacement iPhone 4 -- it's working like a champ now,positive
Well @apple seems 2b screwing #iphone 4s resellars. They still dont have 4s. Yet were promised. Similar 2 Ma Bell's monopolistic prctices?,negative
Well @apple seems 2b screwing #iphone 4s resellars. They still dont have 4s. Yet were promised. Similar 2 Ma Bell's monopolistic prctices?,negative
Well at least the @apple store has amazing call waiting music! #need4s,positive
Well at least the @apple store has amazing call waiting music! #need4s,positive
"Well the event is now over, time to change my pants #Google #Android #Samsung #Jizz",positive
"Well the event is now over, time to change my pants #Google #Android #Samsung #Jizz",positive
Well... @Paging_Dr_A has gotten back on #twitter.. there goes my TL lol,negative
"well.....#google's #icecreamsandwich and new accompanying phone are, as usual, neat, but nothing ground-breaking",positive
"well.....#google's #icecreamsandwich and new accompanying phone are, as usual, neat, but nothing ground-breaking",positive
"We're one of a few &quot;Featured Education Apps&quot; on the @Apple **Website** today, sweet! http://t.co/0yWvbe1Z",positive
"We're one of a few &quot;Featured Education Apps&quot; on the @Apple **Website** today, sweet! http://t.co/0yWvbe1Z",positive
What a fantastic service I've been given by Malcolm and Dom at Manchester's @apple Store! Thank you guys!! :-),positive
What a fantastic service I've been given by Malcolm and Dom at Manchester's @apple Store! Thank you guys!! :-),positive
What are some COMFORTABLE in-ear headphones with remote &amp; mic? The ones @apple supply hurt my ears after wearing for 5mins...,negative
What are some COMFORTABLE in-ear headphones with remote &amp; mic? The ones @apple supply hurt my ears after wearing for 5mins...,negative
What happened? RT @xCuntNuggetx: Never purchasing another item from @apple.,negative
What happened? RT @xCuntNuggetx: Never purchasing another item from @apple.,negative
what i love about #GOOGLE it always shows me that am not the only retarded person on this planet when am searching for stupid things :D,positive
what i love about #GOOGLE it always shows me that am not the only retarded person on this planet when am searching for stupid things :D,positive
What I think about #AndroidIceCreamSandwich ? Thats the most delicious piece of sandwich ever. Get me it real fast #GOOGLE !,positive
What I think about #AndroidIceCreamSandwich ? Thats the most delicious piece of sandwich ever. Get me it real fast #GOOGLE !,positive
what is going on with all my @Apple products?! First my #iPad freezes (still is frozen) and then my #iPhone won't turn on!!! #techieTroubles,negative
what is going on with all my @Apple products?! First my #iPad freezes (still is frozen) and then my #iPhone won't turn on!!! #techieTroubles,negative
What was @apple thinking making #Siri totally dependent on a network connection? Siri + @ATT = utter frustration.,negative
What was @apple thinking making #Siri totally dependent on a network connection? Siri + @ATT = utter frustration.,negative
WHAT!!!!!! #Google #Chrome syncs with your #Android device's bookmarks!?!?! NICE!,positive
WHAT!!!!!! #Google #Chrome syncs with your #Android device's bookmarks!?!?! NICE!,positive
What??? I that sucks hello @apple RT @PhoneDog_Aaron Interesting note - DROID RAZR's battery isn't removable.,negative
What??? I that sucks hello @apple RT @PhoneDog_Aaron Interesting note - DROID RAZR's battery isn't removable.,negative
What's wrong with Siri today @apple,negative
What's wrong with Siri today @apple,negative
When #Microsoft &quot;violated U.S. antitrust laws&quot;√¢‚Ç¨‚Äùleaving #Netscape out of business &amp; #Novell wounded√¢‚Ç¨‚Äùit played &quot;dumb&quot;. http://t.co/0WHHmAK4,negative
When #Microsoft &quot;violated U.S. antitrust laws&quot;√¢‚Ç¨‚Äùleaving #Netscape out of business &amp; #Novell wounded√¢‚Ç¨‚Äùit played &quot;dumb&quot;. http://t.co/0WHHmAK4,negative
"When #Microsoft broke the law it played &quot;victim&quot;. Now it engages in racketeering, calls victims &quot;outlaws&quot; (&quot;respect our IP&quot;).",negative
"When #Microsoft broke the law it played &quot;victim&quot;. Now it engages in racketeering, calls victims &quot;outlaws&quot; (&quot;respect our IP&quot;).",negative
When I say I'm going to bed that really means I'm gonna sit on twitter for 30 min then go to bed! #Twitter&lt;3,positive
When I'm about to tweet something and I cant remember how to spell I go straight to #Google,positive
When I'm about to tweet something and I cant remember how to spell I go straight to #Google,positive
When in doubt... #Google it!!!,positive
When in doubt... #Google it!!!,positive
"When u dine with a customer u shoukd never explain abt solutions unless he ask , M$ never lean the concept #microsoft #fail",negative
"When u dine with a customer u shoukd never explain abt solutions unless he ask , M$ never lean the concept #microsoft #fail",negative
"When you want something done right, you do it yourself... or go to @Apple. AT&amp;T you're useless these days. #yourdaysarenumbered

√Ø¬£¬ø√Ø¬£¬ø√Ø¬£¬ø",positive
"When you want something done right, you do it yourself... or go to @Apple. AT&amp;T you're useless these days. #yourdaysarenumbered

√Ø¬£¬ø√Ø¬£¬ø√Ø¬£¬ø",positive
"Where is my iPhone!?!?!?!
@apple",negative
"Where is my iPhone!?!?!?!
@apple",negative
WHERE THE HECK IS THE @ANDROID SOURCE CODE ?? WTF #GOOGLE,negative
WHERE THE HECK IS THE @ANDROID SOURCE CODE ?? WTF #GOOGLE,negative
Which planet is he living on? #Microsoft #CEO #Fail #palmface http://t.co/3zcq60SF,negative
Who the hell uses #twitter on a tv man. #panasonic #epicfail.,negative
Why book @Apple Genius Bar if after 2.5 hours you still can't be served. Disappointing Apple Store Sydney. #thanksfornothing,negative
Why book @Apple Genius Bar if after 2.5 hours you still can't be served. Disappointing Apple Store Sydney. #thanksfornothing,negative
Why can't I see my RTs? WTF #Twitter?,negative
WHY DFF IS #TWITTER STILL LAGGIN ON SHOWIN WHO RETWEETS UR SHITT,negative
why do i have to be certified for #microsoft?! dumb,negative
"Why doesn't @apple iCloud sync Stickies? They've always been around, just nothing every progressed w/ them!! Why apple why?  @gruber",negative
"Why doesn't @apple iCloud sync Stickies? They've always been around, just nothing every progressed w/ them!! Why apple why?  @gruber",negative
Why Google+ Has Uphill Battle Vs. Facebook: Sean Parker http://t.co/L8RSX1Yf #google,negative
Why Google+ Has Uphill Battle Vs. Facebook: Sean Parker http://t.co/L8RSX1Yf #google,negative
Why I love #Microsoft &gt; Microsoft hosting Kids TechFest to encourage careers in tech  http://t.co/fmzFWgYv #babygeeks via @Techflash,positive
Why I love #Microsoft &gt; Microsoft hosting Kids TechFest to encourage careers in tech  http://t.co/fmzFWgYv #babygeeks via @Techflash,positive
Why is  #Siri always down @apple,negative
Why is  #Siri always down üòè @apple,negative
"Why is #Google advertising Adwords Express on #Bing? Hmmm, I know Ballmer is happy :-D. #Google, your already a monopoly.",negative
"Why is #Google advertising Adwords Express on #Bing? Hmmm, I know Ballmer is happy :-D. #Google, your already a monopoly.",negative
Why is #Google whoring for SAMSUNG? #ICS,negative
Why is #Google whoring for SAMSUNG? #ICS,negative
Why is the new @apple iPhone OS duplicating all my iCal events? There's 2 of everything. How do I fix it? (tried turning iCloud off),negative
Why is the new @apple iPhone OS duplicating all my iCal events? There's 2 of everything. How do I fix it? (tried turning iCloud off),negative
why the fuck dose my phone decide its just ganna freeze every time i try to update it so fucking sick of @apple,negative
why the fuck dose my phone decide its just ganna freeze every time i try to update it so fucking sick of @apple,negative
Will watch this one with interest! RT @RossMistry: #Microsoft Codename &quot;Data Explorer&quot; CTP Coming ... http://t.co/kvJSerCj via @scottyd99999,positive
Will watch this one with interest! RT @RossMistry: #Microsoft Codename &quot;Data Explorer&quot; CTP Coming ... http://t.co/kvJSerCj via @scottyd99999,positive
Will watch this one with interest! RT @RossMistry: #Microsoft Codename &quot;Data Explorer&quot; CTP Coming Next Month  http://t.co/vpQOyXWa,positive
Will watch this one with interest! RT @RossMistry: #Microsoft Codename &quot;Data Explorer&quot; CTP Coming Next Month  http://t.co/vpQOyXWa,positive
Windows Phone 7.5 Mango Update Process Ahead of Schedule. http://t.co/p1hwo73x  #Microsoft #WindowsPhone #Mango,positive
Windows Phone 7.5 Mango Update Process Ahead of Schedule. http://t.co/p1hwo73x  #Microsoft #WindowsPhone #Mango,positive
Windows Runtime and .NET: Better Together http://t.co/z7BBJ1xU #dotnet #dev #WinRT #microsoft,positive
With #Google internet TV I can read my Twitter account while watching #CNN,positive
With #Google internet TV I can read my Twitter account while watching #CNN,positive
"With #Windows 8, #Microsoft can't forget past antitrust issues http://t.co/z4jWLQVu",negative
"With #Windows 8, #Microsoft can't forget past antitrust issues http://t.co/z4jWLQVu",negative
"With the new #Google #Android 4.0 Ice-Cream Sandwich, you can take Panorama picture right Out-of-the-Box... SWEET!",positive
"With the new #Google #Android 4.0 Ice-Cream Sandwich, you can take Panorama picture right Out-of-the-Box... SWEET!",positive
Would it kill @apple to put a braille type bump on their earbuds so we know which bud is R and L in the dark.,negative
Would it kill @apple to put a braille type bump on their earbuds so we know which bud is R and L in the dark.,negative
wow - #Microsoft tech turns your body into a touchscreen http://t.co/5hVBC5Bm via @PSFK,positive
wow - #Microsoft tech turns your body into a touchscreen http://t.co/5hVBC5Bm via @PSFK,positive
"Wow #android #ics, lots of uh uh uh uh talk going on... forsure not a #microsoft #mango launch were people have public speaking skills",positive
Wow I am loving this new @apple update for my touch. #coolness Well done,positive
Wow I am loving this new @apple update for my touch. #coolness Well done,positive
Wow the Genius Bar Reservation Line @Apple is ridic right now - ___- I am not amused. #ugh,negative
Wow the Genius Bar Reservation Line @Apple is ridic right now - ___- I am not amused. #ugh,negative
WOW the new #Google #Nexus is just beautiful. totally gonna boost google's market share in the smart phone market.,positive
WOW the new #Google #Nexus is just beautiful. totally gonna boost google's market share in the smart phone market.,positive
Wow! RT @dalmaer: WebGL infinite bookcase UI http://t.co/aijYsfHO #google,positive
Wow! RT @dalmaer: WebGL infinite bookcase UI http://t.co/aijYsfHO #google,positive
"Wow, very fast camera on Galaxy Nexus - faster than N9 i think :o #google",positive
"Wow, very fast camera on Galaxy Nexus - faster than N9 i think :o #google",positive
"Wow, worst @apple customer service experience ever. Arrogant and inept. Bad combo, Biltmore Apple store.",negative
"Wow, worst @apple customer service experience ever. Arrogant and inept. Bad combo, Biltmore Apple store.",negative
Wow. Great deals on refurbed #iPad (first gen) models. RT: Apple offers great deals on refurbished 1st-gen iPads http://t.co/ukWOKBGd @Apple,positive
Wow. Great deals on refurbed #iPad (first gen) models. RT: Apple offers great deals on refurbished 1st-gen iPads http://t.co/ukWOKBGd @Apple,positive
Wow. iCloud's mail is down. 1st the iOS 5 upgrade issues and now this. I really hope this isn't @apple without Steve Jobs.,negative
Wow. iCloud's mail is down. 1st the iOS 5 upgrade issues and now this. I really hope this isn't @apple without Steve Jobs.,negative
Wow. Lots of negative comments about #windows8 on the @BuildWindows8 blog. I sure hope #Microsoft is listening #keepthedesktop,negative
Wow. Lots of negative comments about #windows8 on the @BuildWindows8 blog. I sure hope #Microsoft is listening #keepthedesktop,negative
WP7 is getting there: #Microsoft Claws Back to Smartphone Relevance: Rich Jaroslovsky - Bloomberg http://t.co/JIMML4RC via @BloombergNews,positive
WP7 is getting there: #Microsoft Claws Back to Smartphone Relevance: Rich Jaroslovsky - Bloomberg http://t.co/JIMML4RC via @BloombergNews,positive
Wtf @apple 64 pages for the new terms &amp; conditions when u update ur apps from the iTunes store. Do u really think we'll read em? Really???,negative
Wtf @apple 64 pages for the new terms &amp; conditions when u update ur apps from the iTunes store. Do u really think we'll read em? Really???,negative
"Wtf is a tweet , sounds like tha dam cartoon network #tweeted #tweeter #twitter #twitterer",negative
WTF?!?! @apple the new iOS 5 doesn't allow you NOT to get push notifications from newstand? and SIRI just keeps yapping FUCK!,negative
WTF?!?! @apple the new iOS 5 doesn't allow you NOT to get push notifications from newstand? and SIRI just keeps yapping FUCK!,negative
Yellowgate? Some iPhone 4S Users Complain of Yellow Tint to Screen http://t.co/uaqrxTNk @apple @iphone4s,negative
Yellowgate? Some iPhone 4S Users Complain of Yellow Tint to Screen http://t.co/uaqrxTNk @apple @iphone4s,negative
"Yep it's official, my tweets that get RT'd aren't showing me when they get RT'd. Dammit #Twitter, sometimes it's #Love/Hate thing we have!!",negative
Yessss! I'm lovin the iPhone update especially the slide down bar at top of screen =) good job @Apple.,positive
Yessss! I'm lovin the iPhone update especially the slide down bar at top of screen =) good job @Apple.,positive
"yo, @apple, this update is a disaster",negative
"yo, @apple, this update is a disaster",negative
you are so blessed. @apple,positive
you are so blessed. @apple,positive
"You can make photo albums in the Photos app with iOS 5, but can't password protect them? Um... @apple, fix that. Quickly.",negative
"You can make photo albums in the Photos app with iOS 5, but can't password protect them? Um... @apple, fix that. Quickly.",negative
"You know @apple It's been almost a week since I paid for iTunes Match, I would really like to use it. Any ETA on a fix?",negative
"You know @apple It's been almost a week since I paid for iTunes Match, I would really like to use it. Any ETA on a fix?",negative
Your my Ashton Kutcher. I am going Lady Gaga for you!,positive
Youtube video views are still not updating properly. #google #youtube #fail,negative
Youtube video views are still not updating properly. #google #youtube #fail,negative
yumyumyum...I want Ice Cream Sandwich... #google #android,positive
yumyumyum...I want Ice Cream Sandwich... #google #android,positive
Zune Music arrives in Canada! http://t.co/CJJ12v4I #microsoft #music #news,positive
Zune Music arrives in Canada! http://t.co/CJJ12v4I #microsoft #music #news,positive
